Title,Link,Description,Image,Keyword,Ranking
2017 California wildfires,https://en.wikipedia.org/wiki/2017_California_wildfires,"2017 was the second most destructive wildfire season on record in California in terms of property damage after the 2018 California wildfire, with a total of 9,133 fires burning 1,381,405 acres (5,590.35 km2) of land, according to the California Department of Forestry and Fire Protection, including five of the 20 most destructive wildland-urban interface fires in the state's history. Throughout 2017, the fires destroyed or damaged more than 10,000 structures in the state (destroyed 9,470, damaged 810), a higher tally than the previous nine years combined.",https://upload.wikimedia.org/wikipedia/commons/e/e4/2017_California_wildfires_all.png,2017 California wildfires,100.0
October 2017 Northern California wildfires,https://en.wikipedia.org/wiki/October_2017_Northern_California_wildfires,"The October 2017 Northern California wildfires, also known as the  Northern California firestorm, were a series of 250 wildfires that started burning across the state of California, United States, beginning in early October. Twenty-one became major fires that burned at least 245,000 acres (99,148 ha).",https://upload.wikimedia.org/wikipedia/commons/9/93/2017_Northern_California_wildfires_last_7_days.png,October 2017 Northern California wildfires,100.0
December 2017 Southern California wildfires,https://en.wikipedia.org/wiki/December_2017_Southern_California_wildfires,"A series of 29 wildfires ignited across Southern California in December 2017. Six of the fires became significant wildfires, and led to widespread evacuations and property losses.",https://upload.wikimedia.org/wikipedia/commons/9/9f/Satellite_image_of_Thomas_Fire.jpg,December 2017 Southern California wildfires,100.0
"Wildfires tear through Northern, Southern California",http://www.cbsnews.com/pictures/wildfires-tear-through-northern-southern-california/,"65 Photos Wildfires tear through Northern, Southern California",https://cbsnews2.cbsistatic.com/hub/i/r/2018/11/16/cbdfb08f-f62e-4e33-9eec-6dd7435146a3/thumbnail/380x240/5703e2939f0c92e1b1822238a02059d3/ap-18319667960105.jpg#,"wildfire,wildfires,california",4.0
,http://www.foxbusiness.com/features/packers-star-aaron-rodgers-donates-1m-to-california-wildfires-recovery,Packers star Aaron Rodgers donates $1M to California wildfires recovery,,"wildfire,wildfires,california",4.0
,https://abcnews.go.com/US/victims-affected-california-wildfires/story?id=59290306,How to help victims affected by the California wildfires,,"wildfire,wildfires,california",4.0
,http://www.abcnews.go.com/US/photos/massive-wildfires-engulf-california-59138729,Slideshow: Recovery efforts continue after wildfires destroyed parts of California,,"wildfire,wildfires,california",4.0
,https://abcnews.go.com/US/californias-camp-fire-now-completely-contained-officials/story?id=59397260,Relentless firefighters prevail: California wildfires now almost completely contained,,"wildfire,wildfires,california",4.0
,http://www.abcnews.go.com/US/victims-affected-california-wildfires/story?id=59290306,How to help victims affected by the California wildfires,,"wildfire,wildfires,california",4.0
,http://www.crweworld.com/article/world/880708/california-wildfires-finland-bemused-by-trump-raking-comment,California wildfires: Finland bemused by Trump raking commentworld2018-11-18,http://crweworld.com/assets/img/2123456789abcX$+$$&+$+&$YZ.jpg,"wildfire,wildfires,california",4.0
President Trump Delivers Statement on Malibu Wildfires,http://www.crweworld.com/watch/2058/president-trump-delivers-statement-on-malibu-wildfires,President Trump Delivers Statement on Malibu Wildfires,https://img.youtube.com/vi/7JFzaBSUOwc/mqdefault.jpg,"wildfire,wildfires",3.0
California wildfire reaches 95% containment,http://www.bignewsnetwork.com/news/258378957/california-wildfire-reaches-95-containment,California wildfire reaches 95% containment,,"wildfire,california",2.0
,https://abcnews.go.com/Politics/marijuana-business-owner-loses-home-california-wildfire-days/story?id=59350296,Marijuana business owner loses home in California wildfire days after historic vote,,"wildfire,california",2.0
,http://www.reuters.com/article/us-california-wildfires/rain-breaks-easing-search-for-remains-of-california-wildfire-idUSKCN1NT0BR,"Rain breaks, easing search for remains of California wildfire",,"wildfire,california",2.0
,//www.foxnews.com/us/california-wildfire-evacuees-plunged-into-states-housing-crisis,California wildfire evacuees plunged into state's housing crisis,,"wildfire,california",2.0
,//www.foxnews.com/sports/la-rams-raise-more-than-1-million-for-california-wildfire-victims,LA Rams raise more than $1 million for California wildfire victims,,"wildfire,california",2.0
,http://www.newsmax.com/health/health-news/california-wildfires-health-smoke/2018/11/22/id/891678/,Smoke Spreading from California Fires Sparks Health Concerns,,california,1.0
,http://www.thedailybeast.com/in-fire-ravaged-california-where-are-the-fema-trailers,"In Fire-Ravaged California, Where are the FEMA Trailers?",,california,1.0
,https://disneyprivacycenter.com/notice-to-california-residents/ ,Your California Privacy Rights,,california,1.0
California Is on Fire – Literally,https://firsttoknow.com/california-is-on-fire-literally/,California Is on Fire – Literally,,california,1.0
,https://www.wnd.com/2018/11/where-was-god-when-california-burned/,Where was God when California burned?,,california,1.0
,https://www.wnd.com/2018/11/new-california-governors-wife-wants-to-be-1st-partner/?cat_orig=politics,New California governor's wife wants to be '1st…,,california,1.0
,http://www.thedailybeast.com/california-cult-leader-uniclone-unicron-plans-sex-robot-brothelwith-a-twist,California Cult Leader Uniclone Unicron Plans Sex-Robot Brothel—With a Twist,,california,1.0
,http://www.dailycaller.com/2018/08/27/california-global-warming-heat-deaths/,Is This California's Most Absurd Global Warming Prediction Yet?,,california,1.0
,https://www.wnd.com/2018/11/california-took-9-years-to-create-fire-map/?cat_orig=us,California took 9 years to create fire map,,california,1.0
,https://www.wnd.com/2018/11/new-california-governors-wife-wants-to-be-1st-partner/?cat_orig=us,New California governor's wife wants to be '1st partner',,california,1.0
,http://www.cbsnews.com/news/camp-fire-rain-tamps-down-catastrophic-wildfire-search-for-remains-today-2018-11-24/,November 24 3:37 PM Catastrophic wildfire nearly out but soggy search for human remains goes on,https://cbsnews1.cbsistatic.com/hub/i/r/2018/11/24/c16b5671-deaa-485d-96ab-108f57066254/thumbnail/380x240/30e1aaf649e5a8e3ae12ce26467920f7/paradise-gettyimages-1064347652.jpg#,wildfire,1.0
,http://www.cbsnews.com/video/how-wildfire-smoke-and-poor-air-quality-can-affect-your-health/,How wildfire smoke and poor air quality can affect your health,https://cbsnews2.cbsistatic.com/hub/i/r/2018/11/24/41a0bac1-c2eb-42d5-93f4-1eeca0b2f274/thumbnail/60x60/1400b3e0c66dd1851f3d59aa1b350e2d/1124-satmo-morningrounds-agus-1719221-640x360.jpg#,wildfire,1.0
,http://www.cbsnews.com/news/california-wildfires-camp-fire-paradise-chico-first-responders-serve-volunteer-survivors-thanksgiving/,First responders give up Thanksgiving to serve wildfire survivors,https://cbsnews1.cbsistatic.com/hub/i/r/2018/11/22/ff46d06f-776e-423b-98d2-bc3e2b9c79c1/thumbnail/140x90/e31626c82eecb2b31a718ce8dfa3d795/rem21-evans-b-roll-calf-frame-6876.jpg#,wildfire,1.0
,http://www.cbsnews.com/video/california-gov-jerry-brown-says-trump-has-got-our-back-in-wildfire-recovery/,"Calif. Gov. Jerry Brown says Trump has ""got our back"" in wildfire recovery",https://cbsnews2.cbsistatic.com/hub/i/r/2018/11/18/626e6444-b83f-43e0-b2a8-556d7f769fbb/thumbnail/140x90/d18e5a8c097082364f3276b32e1fe03f/1118-ftn-govjerrybrown-1714848-640x360.jpg#,"wildfire,calif.",1.0
,http://www.bignewsnetwork.com/category/california-news,California News,,"news,california",1.0
,http://www.nbcnews.com/health/health-news/california-may-be-source-latest-romaine-lettuce-e-coli-outbreak-n939026,California romaine may have caused latest outbreak,,california,1.0
,http://www.foxbusiness.com/features/a-new-bill-could-help-relieve-pge-from-financial-wildfire-trouble,A new bill could help relieve PG&E from financial wildfire trouble,,wildfire,1.0
,http://www.foxbusiness.com/features/massive-romaine-lettuce-warning-linked-to-california,Massive romaine lettuce warning linked to California,,california,1.0
,//www.foxnews.com/us/crews-in-northern-california-continue-search-for-remains-report,Search for remains of Camp Fire victims continues in Northern California: report,,california,1.0
,http://www.cbsnews.com/news/camp-fire-northern-california-bill-blevins-interview-2018-11-23/,"Wildfire survivor says running through flames was the scariest moment of his life ""All of a sudden it set in that, 'Oh my God, I'm burnt bad. The skin is melting off my hands'""",https://cbsnews1.cbsistatic.com/hub/i/r/2018/11/23/5fb26e90-a1f0-443e-8532-b41de5c3b8ae/thumbnail/220x140/31c6ae3dd3bef0a7fa3e62d82c788493/evans-bill-blevins-camp-fire-2018-11-23.jpg#,wildfire,1.0
,//www.foxnews.com/us/colorblind-california-deputy-sees-different-world-after-receiving-special-glasses-from-fellow-officer,Colorblind California deputy sees 'different world' after receiving special glasses from fellow officer,,california,1.0
,//www.foxnews.com/lifestyle/man-engagement-ring-california-camp-fire-destroys-home,Man finds engagement ring in rubble after California Camp Fire destroys home,,california,1.0
,//www.foxbusiness.com/features/massive-romaine-lettuce-warning-linked-to-california,Massive romaine lettuce warning linked to California,,california,1.0
,//www.foxnews.com/us/family-dog-stuck-behind-in-camp-fire-survives,"California Camp Fire ravages town of Paradise, but family dog survives",,california,1.0
,https://www.foxnews.com/us/crews-in-northern-california-continue-search-for-remains-report,Search for remains of Camp Fire victims continues in Northern California: report,,california,1.0
,http://www.bignewsnetwork.com/category/portugal-news,Portugal News,,news,0.0
,http://www.bignewsnetwork.com/category/kolkata-news,Kolkata News,,news,0.0
,http://www.bignewsnetwork.com/category/las-vegas-news,Las Vegas News,,news,0.0
,http://www.bignewsnetwork.com/category/liverpool-news,Liverpool News,,news,0.0
,http://www.bignewsnetwork.com/category/london-news,London News,,news,0.0
,http://www.bignewsnetwork.com/category/long-beach-news,Long Beach News,,news,0.0
,http://www.bignewsnetwork.com/category/los-angeles-news,Los Angeles News,,news,0.0
,http://www.bignewsnetwork.com/category/kansas-city-news,Kansas City News,,news,0.0
,http://www.bignewsnetwork.com/category/louisville-news,Louisville News,,news,0.0
,http://www.bignewsnetwork.com/category/madrid-news,Madrid News,,news,0.0
,http://www.bignewsnetwork.com/category/manchester-news,Manchester News,,news,0.0
,http://www.bignewsnetwork.com/category/manila-news,Manila News,,news,0.0
,http://www.bignewsnetwork.com/category/melbourne-news,Melbourne News,,news,0.0
,http://www.bignewsnetwork.com/category/memphis-news,Memphis News,,news,0.0
,http://www.bignewsnetwork.com/category/mexico-city-news,Mexico City News,,news,0.0
,http://www.bignewsnetwork.com/category/miami-news,Miami News,,news,0.0
,http://www.bignewsnetwork.com/category/knoxville-news,Knoxville News,,news,0.0
,http://www.bignewsnetwork.com/category/jakarta-news,Jakarta News,,news,0.0
,http://www.bignewsnetwork.com/category/minneapolis-news,Minneapolis News,,news,0.0
,http://www.bignewsnetwork.com/category/el-paso-news,El Paso News,,news,0.0
,http://www.bignewsnetwork.com/category/liberia-news,Liberia News,,news,0.0
,http://www.bignewsnetwork.com/category/denver-news,Denver News,,news,0.0
,http://www.bignewsnetwork.com/category/detroit-news,Detroit News,,news,0.0
,http://www.bignewsnetwork.com/category/dubai-news,Dubai News,,news,0.0
,http://www.bignewsnetwork.com/category/lebanon-news,Lebanon News,,news,0.0
,http://www.bignewsnetwork.com/category/laos-news,Laos News,,news,0.0
,http://www.bignewsnetwork.com/category/dublin-news,Dublin News,,news,0.0
,http://www.bignewsnetwork.com/category/edinburgh-news,Edinburgh News,,news,0.0
,http://www.bignewsnetwork.com/category/indianapolis-news,Indianapolis News,,news,0.0
,http://www.bignewsnetwork.com/category/edmonton-news,Edmonton News,,news,0.0
,http://www.bignewsnetwork.com/category/fort-lauderdale-news,Fort Lauderdale News,,news,0.0
,http://www.bignewsnetwork.com/category/fort-worth-news,Fort Worth News,,news,0.0
,http://www.bignewsnetwork.com/category/glasgow-news,Glasgow News,,news,0.0
,http://www.bignewsnetwork.com/category/honolulu-news,Honolulu News,,news,0.0
,http://www.bignewsnetwork.com/category/hobart-news,Hobart News,,news,0.0
,http://www.bignewsnetwork.com/category/houston-news,Houston News,,news,0.0
,http://www.bignewsnetwork.com/category/milwaukee-news,Milwaukee News,,news,0.0
,http://www.bignewsnetwork.com/category/monte-carlo-news,Monte Carlo News,,news,0.0
,http://www.bignewsnetwork.com/category/dallas-news,Dallas News,,news,0.0
,http://www.bignewsnetwork.com/category/santa-barbara-news,Santa Barbara News,,news,0.0
,http://www.bignewsnetwork.com/category/reno-news,Reno News,,news,0.0
,http://www.bignewsnetwork.com/category/sacramento-news,Sacramento News,,news,0.0
,http://www.bignewsnetwork.com/category/salt-lake-city-news,Salt Lake City News,,news,0.0
,http://www.bignewsnetwork.com/category/san-antonio-news,San Antonio News,,news,0.0
,http://www.bignewsnetwork.com/category/san-diego-news,San Diego News,,news,0.0
,http://www.bignewsnetwork.com/category/san-francisco-news,San Francisco News,,news,0.0
,http://www.bignewsnetwork.com/category/san-jose-news,San Jose News,,news,0.0
,http://www.bignewsnetwork.com/category/seattle-news,Seattle News,,news,0.0
,http://www.bignewsnetwork.com/category/quebec-news,Quebec News,,news,0.0
,http://www.bignewsnetwork.com/category/shanghai-news,Shanghai News,,news,0.0
,http://www.bignewsnetwork.com/category/st-louis-news,St Louis News,,news,0.0
,http://www.bignewsnetwork.com/category/st-petersburg-florida-news,St Petersburg (Florida) News,,news,0.0
,http://www.bignewsnetwork.com/category/st-petersburg-russia-news,St Petersburg (Russia) News,,news,0.0
,http://www.bignewsnetwork.com/category/stockholm-news,Stockholm News,,news,0.0
,http://www.bignewsnetwork.com/category/sydney-news,Sydney News,,news,0.0
,http://www.bignewsnetwork.com/category/tampa-news,Tampa News,,news,0.0
,http://www.bignewsnetwork.com/category/raleigh-news,Raleigh News,,news,0.0
,http://www.bignewsnetwork.com/category/portland-news,Portland News,,news,0.0
,http://www.bignewsnetwork.com/category/montreal-news,Montreal News,,news,0.0
,http://www.bignewsnetwork.com/category/oakland-news,Oakland News,,news,0.0
,http://www.bignewsnetwork.com/category/moscow-news,Moscow News,,news,0.0
,http://www.bignewsnetwork.com/category/mumbai-news,Mumbai News,,news,0.0
,http://www.bignewsnetwork.com/category/munich-news,Munich News,,news,0.0
,http://www.bignewsnetwork.com/category/nashville-news,Nashville News,,news,0.0
,http://www.bignewsnetwork.com/category/new-orleans-news,New Orleans News,,news,0.0
,http://www.bignewsnetwork.com/category/new-york-city-news,New York City News,,news,0.0
,http://www.bignewsnetwork.com/category/oklahoma-city-news,Oklahoma City News,,news,0.0
,http://www.bignewsnetwork.com/category/omaha-news,Omaha News,,news,0.0
,http://www.bignewsnetwork.com/category/pittsburgh-news,Pittsburgh News,,news,0.0
,http://www.bignewsnetwork.com/category/orange-county-news,Orange County News,,news,0.0
,http://www.bignewsnetwork.com/category/orlando-news,Orlando News,,news,0.0
,http://www.bignewsnetwork.com/category/ottawa-news,Ottawa News,,news,0.0
,http://www.bignewsnetwork.com/category/paris-news,Paris News,,news,0.0
,http://www.bignewsnetwork.com/category/perth-news,Perth News,,news,0.0
,http://www.bignewsnetwork.com/category/philadelphia-news,Philadelphia News,,news,0.0
,http://www.bignewsnetwork.com/category/phoenix-news,Phoenix News,,news,0.0
,http://www.bignewsnetwork.com/category/delhi-news,Delhi News,,news,0.0
,http://www.bignewsnetwork.com/category/columbus-news,Columbus News,,news,0.0
,http://www.bignewsnetwork.com/category/qatar-news,Qatar News,,news,0.0
,http://www.bignewsnetwork.com/category/thailand-news,Thailand News,,news,0.0
,http://www.bignewsnetwork.com/category/trinidad-news,Trinidad News,,news,0.0
,http://www.bignewsnetwork.com/category/turkey-news,Turkey News,,news,0.0
,http://www.bignewsnetwork.com/category/uae-news,UAE News,,news,0.0
,http://www.bignewsnetwork.com/category/uganda-news,Uganda News,,news,0.0
,http://www.bignewsnetwork.com/category/united-kingdom-news,United Kingdom News,,news,0.0
,http://www.bignewsnetwork.com/category/united-states-news,United States News,,news,0.0
,http://www.bignewsnetwork.com/category/venezuela-news,Venezuela News,,news,0.0
,http://www.bignewsnetwork.com/category/vietnam-news,Vietnam News,,news,0.0
,http://www.bignewsnetwork.com/category/yemen-news,Yemen News,,news,0.0
,http://www.bignewsnetwork.com/category/zambia-news,Zambia News,,news,0.0
,http://www.bignewsnetwork.com/category/zimbabwe-news,Zimbabwe News,,news,0.0
,http://www.bignewsnetwork.com/category/abu-dhabi-news,Abu Dhabi News,,news,0.0
,http://www.bignewsnetwork.com/category/adelaide-news,Adelaide News,,news,0.0
,http://www.bignewsnetwork.com/category/norway-news,Norway News,,news,0.0
,http://www.bignewsnetwork.com/category/albuquerque-news,Albuquerque News,,news,0.0
,http://www.bignewsnetwork.com/category/amsterdam-news,Amsterdam News,,news,0.0
,http://www.bignewsnetwork.com/category/anchorage-news,Anchorage News,,news,0.0
,http://www.bignewsnetwork.com/category/north-korea-news,North Korea News,,news,0.0
,http://www.bignewsnetwork.com/category/taiwan-news,Taiwan News,,news,0.0
,http://www.bignewsnetwork.com/category/colorado-springs-news,Colorado Springs News,,news,0.0
,http://www.bignewsnetwork.com/category/northern-ireland-news,Northern Ireland News,,news,0.0
,http://www.bignewsnetwork.com/category/russia-news,Russia News,,news,0.0
,http://www.bignewsnetwork.com/category/saudi-arabia-news,Saudi Arabia News,,news,0.0
,http://www.bignewsnetwork.com/category/scotland-news,Scotland News,,news,0.0
,http://www.bignewsnetwork.com/category/sierra-leone-news,Sierra Leone News,,news,0.0
,http://www.bignewsnetwork.com/category/singapore-news,Singapore News,,news,0.0
,http://www.bignewsnetwork.com/category/south-korea-news,South Korea News,,news,0.0
,http://www.bignewsnetwork.com/category/poland-news,Poland News,,news,0.0
,http://www.bignewsnetwork.com/category/philippines-news,Philippines News,,news,0.0
,http://www.bignewsnetwork.com/category/palestinian-news,Palestinian News,,news,0.0
,http://www.bignewsnetwork.com/category/pakistan-news,Pakistan News,,news,0.0
,http://www.bignewsnetwork.com/category/oman-news,Oman News,,news,0.0
,http://www.bignewsnetwork.com/category/spain-news,Spain News,,news,0.0
,http://www.bignewsnetwork.com/category/sri-lanka-news,Sri Lanka News,,news,0.0
,http://www.bignewsnetwork.com/category/sudan-news,Sudan News,,news,0.0
,http://www.bignewsnetwork.com/category/sweden-news,Sweden News,,news,0.0
,http://www.bignewsnetwork.com/category/switzerland-news,Switzerland News,,news,0.0
,http://www.bignewsnetwork.com/category/syria-news,Syria News,,news,0.0
,http://www.bignewsnetwork.com/category/athens-news,Athens News,,news,0.0
,http://www.bignewsnetwork.com/category/atlanta-news,Atlanta News,,news,0.0
,http://www.bignewsnetwork.com/category/atlantic-city-news,Atlantic City News,,news,0.0
,http://www.bignewsnetwork.com/category/auckland-news,Auckland News,,news,0.0
,http://www.bignewsnetwork.com/category/buffalo-news,Buffalo News,,news,0.0
,http://www.bignewsnetwork.com/category/calgary-news,Calgary News,,news,0.0
,http://www.bignewsnetwork.com/category/toronto-news,Toronto News,,news,0.0
,http://www.bignewsnetwork.com/category/morocco-news,Morocco News,,news,0.0
,http://www.bignewsnetwork.com/category/mexico-news,Mexico News,,news,0.0
,http://www.bignewsnetwork.com/category/malaysia-news,Malaysia News,,news,0.0
,http://www.bignewsnetwork.com/category/madagascar-news,Madagascar News,,news,0.0
,http://www.bignewsnetwork.com/category/macau-news,Macau News,,news,0.0
,http://www.bignewsnetwork.com/category/canberra-news,Canberra News,,news,0.0
,http://www.bignewsnetwork.com/category/cape-town-news,Cape Town News,,news,0.0
,http://www.bignewsnetwork.com/category/cardiff-news,Cardiff News,,news,0.0
,http://www.bignewsnetwork.com/category/central-coast-news,Central Coast News,,news,0.0
,http://www.bignewsnetwork.com/category/charlotte-news,Charlotte News,,news,0.0
,http://www.bignewsnetwork.com/category/chicago-news,Chicago News,,news,0.0
,http://www.bignewsnetwork.com/category/christchurch-news,Christchurch News,,news,0.0
,http://www.bignewsnetwork.com/category/cincinnati-news,Cincinnati News,,news,0.0
,http://www.bignewsnetwork.com/category/cleveland-news,Cleveland News,,news,0.0
,http://www.bignewsnetwork.com/category/bristol-news,Bristol News,,news,0.0
,http://www.bignewsnetwork.com/category/brisbane-news,Brisbane News,,news,0.0
,http://www.bignewsnetwork.com/category/boston-news,Boston News,,news,0.0
,http://www.bignewsnetwork.com/category/berlin-news,Berlin News,,news,0.0
,http://www.bignewsnetwork.com/category/austin-news,Austin News,,news,0.0
,http://www.bignewsnetwork.com/category/baltimore-news,Baltimore News,,news,0.0
,http://www.bignewsnetwork.com/category/bangkok-news,Bangkok News,,news,0.0
,http://www.bignewsnetwork.com/category/barcelona-news,Barcelona News,,news,0.0
,http://www.bignewsnetwork.com/category/baton-rouge-news,Baton Rouge News,,news,0.0
,http://www.bignewsnetwork.com/category/beijing-news,Beijing News,,news,0.0
,http://www.bignewsnetwork.com/category/belfast-news,Belfast News,,news,0.0
,http://www.bignewsnetwork.com/category/nigeria-news,Nigeria News,,news,0.0
,http://www.bignewsnetwork.com/category/blue-mountains-news,Blue Mountains News,,news,0.0
,http://www.bignewsnetwork.com/category/nicaragua-news,Nicaragua News,,news,0.0
,http://www.bignewsnetwork.com/category/new-zealand-news,New Zealand News,,news,0.0
,http://www.bignewsnetwork.com/category/netherlands-news,Netherlands News,,news,0.0
,http://www.bignewsnetwork.com/category/nepal-news,Nepal News,,news,0.0
,http://www.bignewsnetwork.com/category/myanmar-news,Myanmar News,,news,0.0
,http://www.bignewsnetwork.com/category/birmingham-news,Birmingham News,,news,0.0
,http://www.bignewsnetwork.com/category/birmingham-uk-news,Birmingham (UK) News,,news,0.0
,http://www.bignewsnetwork.com/category/tokyo-news,Tokyo News,,news,0.0
,http://www.bignewsnetwork.com/category/digital-tv-news,Digital TV News,,news,0.0
,http://www.bignewsnetwork.com/category/tucson-news,Tucson News,,news,0.0
,http://www.zougla.grmarket-news/main,Market News,,news,0.0
,http://www.newswise.com/articles/channels?channel=6306,African News,,news,0.0
,http://www.newswise.com/articles/channels?channel=6307,China News,,news,0.0
,http://www.newswise.com/articles/channels?channel=6296,Cuba News,,news,0.0
,http://www.newswise.com/articles/channels?channel=6297,Europe News,,news,0.0
,http://www.newswise.com/articles/channels?channel=6298,India/Pakistan News,,news,0.0
,http://www.newswise.com/articles/channels?channel=6308,Iraq News,,news,0.0
,http://www.newswise.com/articles/channels?channel=6309,Israel News,,news,0.0
,http://www.newswise.com/articles/channels?channel=6299,Grant Funded News,,news,0.0
,http://www.newswise.com/articles/channels?channel=6301,Newswise Live - Event in Progress,,news,0.0
,http://www.newswise.com/articles/channels?channel=6302,Newswise Live - Expert Spotlight,,news,0.0
,http://www.newswise.com/articles/channels?channel=6303,Newswise Live Events,,news,0.0
,http://www.newswise.com/institutions/list,Newsrooms,,news,0.0
,http://www.newswise.com/home/contact,Contact Newswise,,news,0.0
,http://www.newswise.com/ee/list/,Newswise Blog,,news,0.0
,http://www.newswise.com#jnews,Journal News,,news,0.0
,http://www.newswise.comjavascript:void(0);,JournalNews,,news,0.0
,http://www.newswise.com/users/register,Subscribe to Newswise,,news,0.0
,http://www.newswise.com/articles/channels?channel=6305,Afghanistan News,,news,0.0
,http://www.newswise.com/articles/channels?channel=57,DOE Science News,,news,0.0
,http://www.newswise.com/articles/channels?channel=6295,Journal Related News,,news,0.0
,https://www.wnd.com/wnd_video/4697899-2/,I. DAILY NEWSCAST:,,news,0.0
,http://www.bignewsnetwork.com/category/travel-news,Travel News,,news,0.0
,http://www.bignewsnetwork.com/category/us-military-news,US Military News,,news,0.0
,http://www.bignewsnetwork.com/category/us-police-news,US Police News,,news,0.0
,http://www.bignewsnetwork.com/category/womens-interest-news,Womens Interest News,,news,0.0
,http://www.bignewsnetwork.com/category/weather-news,Weather News,,news,0.0
,http://www.worldnetdaily.com/author/iltvdailynewscast/,ILTV Daily Newscast,,news,0.0
,https://www.wnd.com/2018/11/wnds-news-option-that-gives-you-control-over-web-time/,WND's news optionthat gives you controlover web time,,news,0.0
,https://www.wnd.com/wnd_video/thank-trump-campaign-promo-3/,W. TV NEWS: Thank Trump Campaign - Promo 3,,news,0.0
,http://www.newswise.com/articles/list?category=business,Business News,,news,0.0
,http://www.foxnews.com/politics/2018/07/28/gop-lawmaker-wants-answers-on-fbis-alleged-southern-poverty-law-center-ties.html,"Fox News GOP lawmaker wants answers on FBI's SPLC ties July 28, 2018",,news,0.0
,https://www.wnd.com/sign-up-for-wnds-free-email-alerts/,News Alerts,,news,0.0
,http://www.worldnetdaily.com/contact-wnd/?subject=tips,News Tips,,news,0.0
,http://www.newswise.com/articles/list?category=latest,Latest News,,news,0.0
,http://www.newswise.com/articles/list?category=science,Science News,,news,0.0
,http://www.newswise.com/articles/list?category=medicine,Medical News,,news,0.0
,http://www.newswise.com/articles/list?category=life,Life News,,news,0.0
,http://www.zougla.grgoodnews/main,Good News,,news,0.0
,http://www.zougla.gr/ola,News 24,,news,0.0
,http://www.bignewsnetwork.com/category/tulsa-news,Tulsa News,,news,0.0
,http://www.reuters.com/breakingviews,Breakingviews,,breaking,0.0
,https://www.navytimes.com,Navy News,,news,0.0
,http://www.defensenews.com,Defense News,,news,0.0
,http://www.federaltimes.com,Federal News,,news,0.0
,//www.foxnews.com,Fox News,,news,0.0
,//www.foxnews.com/category/news-events/fox-news-investigates.html,Fox News Investigates,,news,0.0
,//www.foxnews.com/entertainment/celebrity-news/index.html,Celebrity News,,news,0.0
,//www.foxnews.com/entertainment/tv/index.html,TV News,,news,0.0
,//www.foxnews.com/entertainment/music/index.html,Music News,,news,0.0
,//www.foxnews.com/entertainment/style/index.html,Style News,,news,0.0
,http://www.foxnews.com//video.foxnews.com/#sp=news-clips,News Clips,,news,0.0
,http://www.foxnews.com//shop.foxnews.com,Fox News Shop,,news,0.0
,//www.foxnews.com/go,Fox News Go,,news,0.0
,//www.foxnews.com/radio/,Fox News Radio,,news,0.0
,http://insider.foxnews.com,Fox News Insider,,news,0.0
,//www.foxnews.com/newsletters,Newsletters,,news,0.0
,//www.foxnews.com/shows.html,America's News HQ,,news,0.0
,https://radio.foxnews.com/podcast/fox-news-rundown,Fox News Rundown,,news,0.0
,https://www.marinecorpstimes.com,Marine Corps News,,news,0.0
,https://www.armytimes.com,Army News,,news,0.0
,https://www.airforcetimes.com,Air Force News,,news,0.0
,http://www.release-news.com/google-news-service,Silver Gain extra visibility through Google News. Presence in Google News has many benefits alone.,,news,0.0
,http://www.reuters.com/video/breakingviews,Breakingviews Video,,breaking,0.0
,//www.reuters.com/article/us-britain-brexit-breakingviews/breakingviews-brexit-vote-plan-is-more-twerp-than-tarp-idUSKCN1NS13K,Breakingviews: Vote is more twerp than TARP,,breaking,0.0
,//www.reuters.com/breakingviews,Breakingviews,,breaking,0.0
,http://newslink.reuters.com/join/subscribe,OUR NEWSLETTERS,,news,0.0
,http://www.reuters.com//newslink.reuters.com/join/subscribe,Newsletters,,news,0.0
,http://www.reuters.com//agency.reuters.com/en.html?utm_source=website&utm_medium=reuters&utm_campaign=site-referral&utm_content=us&utm_term=0,Reuters News Agency,,news,0.0
,http://www.reuters.com//financial.thomsonreuters.com/en/products/tools-applications/trading-investment-tools/eikon-trading-software.html,"Eikon Information, analytics and exclusive news on financial markets - delivered in an intuitive desktop and mobile interface",,news,0.0
,http://www.release-news.com/submit-a-press-release/jesubmit,"Free Submit your news free for publication on Release-News.com. Increase your online presence. Due to high number of press releases we receive, we cannot guarantee every publication. Please use one of our paid options for guaranteed publication.",,news,0.0
,https://www.militarytimes.com,Military News,,news,0.0
,http://www.release-news.com/building-construction/pod-architecture-design-wins-metal-construction-news-grand-award-for-rabbit-hole-distillery,pod architecture + design Wins Metal Construction News Grand Award for Rabbit Hole Distillery,,news,0.0
,http://www.militarytimes.com/news,News,,news,0.0
,http://www.militarytimes.com/newsletters,Newsletters,,news,0.0
,http://www.defensenews.com?source=mil-nav,Defense News,,news,0.0
,http://www.militarytimes.com/video/2018/11/18/defense-news-weekly-full-episode-nov-18-2018/,"Defense News Weekly full episode: Nov. 18, 2018 Play Video",https://www.armytimes.com/resizer/SJAlsN2PdjyqgW5W71OGXDiO6pA=/150x100/filters:quality(100)/d2nzl2jt8r9iyg.cloudfront.net/11-16-2018/t_1542394671833_name_DNW_Logo_on_Sharp_BG_1080p_July_2018.jpg,news,0.0
,http://link.militarytimes.com/join/5b9/sign-up,For more newsletters click here,,news,0.0
,http://www.militarytimes.com/news-tips/,News Tips,,news,0.0
,http://www.bignewsnetwork.com/category/seniors-news,Seniors News,,news,0.0
,http://www.bignewsnetwork.com/category/obituaries-news,Obituaries news,,news,0.0
,http://www.bignewsnetwork.com/category/lifestyle-news,Lifestyle News,,news,0.0
,http://www.bignewsnetwork.com/category/fitness-news,Fitness News,,news,0.0
,http://www.bignewsnetwork.com/category/computer-games-news,Computer Games news,,news,0.0
,http://www.bignewsnetwork.com/category/computer-services-news,Computer Services News,,news,0.0
,http://www.bignewsnetwork.com/category/computers-news,Computers News,,news,0.0
,http://www.bignewsnetwork.com/category/database-news,Database News,,news,0.0
,http://www.bignewsnetwork.com/category/software-news,Software News,,news,0.0
,http://www.bignewsnetwork.com/category/space-science-news,Space Science News,,news,0.0
,http://www.bignewsnetwork.com/category/science-news,Science News,,news,0.0
,http://www.bignewsnetwork.com/category/domains-news,Domains News,,news,0.0
,http://www.bignewsnetwork.com/category/internet-marketing-news,Internet Marketing News,,news,0.0
,http://www.bignewsnetwork.com/category/search-engines-news,Search Engines News,,news,0.0
,http://www.bignewsnetwork.com/category/web-site-development-news,Web Site News,,news,0.0
,http://www.bignewsnetwork.com#,Breakig Sports News,,news,0.0
,http://www.bignewsnetwork.com/category/asia-sports-news,Asia Sports News,,news,0.0
,http://www.bignewsnetwork.com/category/europe-sports-news,Europe Sports News,,news,0.0
,http://www.bignewsnetwork.com/category/uk-sports-news,UK Sports News,,news,0.0
,http://www.bignewsnetwork.com/category/us-sports-news,US Sports News,,news,0.0
,http://www.bignewsnetwork.com/category/cricket-news,Cricket News,,news,0.0
,http://www.bignewsnetwork.com/category/wireless-news,Wireless News,,news,0.0
,http://www.bignewsnetwork.com/category/viruses-news,Viruses News,,news,0.0
,http://www.bignewsnetwork.com/category/telecoms-news,Telecoms News,,news,0.0
,http://www.bignewsnetwork.com/category/television-news,Television News,,news,0.0
,http://www.bignewsnetwork.com/category/tuscaloosa-news,Tuscaloosa News,,news,0.0
,http://www.bignewsnetwork.com/category/vancouver-news,Vancouver News,,news,0.0
,http://www.bignewsnetwork.com/category/virginia-beach-news,Virginia Beach News,,news,0.0
,http://www.bignewsnetwork.com/category/washington-dc-news,Washington DC News,,news,0.0
,http://www.bignewsnetwork.com/category/winnipeg-news,Winnipeg News,,news,0.0
,http://www.bignewsnetwork.com/category/wellington-news,Wellington News,,news,0.0
,http://www.bignewsnetwork.com/category/yorkshire-news,Yorkshire News,,news,0.0
,http://www.bignewsnetwork.com/category/broadcast-news,Broadcast News,,news,0.0
,http://www.bignewsnetwork.com/category/kenya-news,Kenya News,,news,0.0
,http://www.bignewsnetwork.com/category/tv-news,Cable/Pay TV News,,news,0.0
,http://www.bignewsnetwork.com/category/journalism-news,Journalism News,,news,0.0
,http://www.bignewsnetwork.com/category/newspapers-news,Newspapers News,,news,0.0
,http://www.bignewsnetwork.com/category/country-music-news,Country Music News,,news,0.0
,http://www.bignewsnetwork.com/category/books-news,Book News,,news,0.0
,http://www.bignewsnetwork.com/category/arts-news,Arts News,,news,0.0
,http://www.bignewsnetwork.com/category/communications-news,Communications News,,news,0.0
,http://www.bignewsnetwork.com/category/basketball-news,Basketball News,,news,0.0
,http://www.bignewsnetwork.com/category/baseball-news,Baseball News,,news,0.0
,http://www.bignewsnetwork.com/category/tennis-news,Tennis News,,news,0.0
,http://www.bignewsnetwork.com/category/baptist-news,Baptist News,,news,0.0
,http://www.bignewsnetwork.com/category/psychology-news,Psychology News,,news,0.0
,http://www.bignewsnetwork.com/category/public-health-news,Public Health News,,news,0.0
,http://www.bignewsnetwork.com/category/parenting-news,Parenting News,,news,0.0
,http://www.bignewsnetwork.com/category/kids-news,Kids News,,news,0.0
,http://www.bignewsnetwork.com/category/food-and-drinks-news,Food and Drinks News,,news,0.0
,http://www.bignewsnetwork.com/category/house-and-garden-news,House and Garden News,,news,0.0
,http://www.bignewsnetwork.com/category/anglican-news,Anglican News,,news,0.0
,http://www.bignewsnetwork.com/category/buddhist-news,Buddhist News,,news,0.0
,http://www.bignewsnetwork.com/category/medical-news,Medical News,,news,0.0
,http://www.bignewsnetwork.com/category/catholic-news,Catholic News,,news,0.0
,http://www.bignewsnetwork.com/category/christian-news,Christian News,,news,0.0
,http://www.bignewsnetwork.com/category/hindu-news,Hindu News,,news,0.0
,http://www.bignewsnetwork.com/category/jewish-news,Jewish News,,news,0.0
,http://www.bignewsnetwork.com/category/muslim-news,Muslim News,,news,0.0
,http://www.bignewsnetwork.com/category/animals-news,Animals News,,news,0.0
,http://www.bignewsnetwork.com/category/consumer-news,Consumer News,,news,0.0
,http://www.bignewsnetwork.com/category/natural-health-news,Natural Health News,,news,0.0
,http://www.bignewsnetwork.com/category/healthcare-news,Healthcare News,,news,0.0
,http://www.bignewsnetwork.com/category/soccer-news,Soccer News,,news,0.0
,http://www.bignewsnetwork.com/category/motor-sports-news,Motor Sports News,,news,0.0
,http://www.bignewsnetwork.com/category/afl-news,AFL News,,news,0.0
,http://www.bignewsnetwork.com/category/athletics-news,Athletics News,,news,0.0
,http://www.bignewsnetwork.com/category/boxing-news,Boxing News,,news,0.0
,http://www.bignewsnetwork.com/category/cycling-news,Cycling News,,news,0.0
,http://www.bignewsnetwork.com/category/golf-news,Golf News,,news,0.0
,http://www.bignewsnetwork.com/category/horse-racing-news,Horse Racing News,,news,0.0
,http://www.bignewsnetwork.com/category/ice-hockey-news,Ice Hockey News,,news,0.0
,http://www.bignewsnetwork.com/category/nfl-news,NFL News,,news,0.0
,http://www.bignewsnetwork.com/category/cancer-news,Cancer News,,news,0.0
,http://www.bignewsnetwork.com/category/rugby-league-news,Rugby League News,,news,0.0
,http://www.bignewsnetwork.com/category/rugby-news,Rugby News,,news,0.0
,http://www.bignewsnetwork.com/category/swimming-news,Swimming News,,news,0.0
,http://www.bignewsnetwork.com/category/winter-sports-news,Winter Sports News,,news,0.0
,http://www.bignewsnetwork.com/category/wrestling-news,Wrestling News,,news,0.0
,http://www.bignewsnetwork.com/category/yachting-news,Yachting News,,news,0.0
,http://www.bignewsnetwork.com/category/aging-news,Aging News,,news,0.0
,http://www.bignewsnetwork.com/category/kuwait-news,Kuwait News,,news,0.0
,http://news.lycos.com,News,,news,0.0
,http://www.bignewsnetwork.com/category/jordan-news,Jordan News,,news,0.0
,http://www.dailycaller.com/2018/10/17/opinion-fake-news-autopsy/,OPINION: Fake News Autopsy,,news,0.0
,http://www.commondreams.org/news/2018/11/22/thanksgiving-eve-news-dump-facebook-admits-hiring-gop-operatives-dig-dirt-critics,"In Thanksgiving Eve News Dump, Facebook Admits Hiring GOP Operatives to Dig Up Dirt on Critics—Including George Soros",,news,0.0
,http://www.commondreams.org/news,More News,,news,0.0
,http://www.commondreams.org/newswire/2018/11/21/moveon-sends-letter-facebook-leaders-response-definers-news-other-concerns,"MoveOn Sends Letter to Facebook Leaders in Response to Definers News, Other Concerns",,news,0.0
,http://www.commondreams.org/newswire,More Newswire,,news,0.0
,http://www.commondreams.orgmailto:newstips@commondreams.org,News Tips?,,news,0.0
,http://www.commondreams.orgmailto:news@commondreams.org,News Release Submissions,,news,0.0
,http://www.dailycaller.com/2018/11/23/guest-booted-off-fox-apologizes-hillary-herpes/,Turning Point USA Guest Booted Off Fox News Segment Apologizes For Comparing Hillary To Herpes Media | Scott Morefield 'a brash and unprofessional joke ... ',,news,0.0
,http://www.dailycaller.com/2018/11/24/mike-ditka-heart-attack/,Legendary Coach Mike Ditka 'Doing Much Better' After Suffering Heart Attack US | Scott Morefield Good news!,,news,0.0
ViewMobile,http://www.newsmax.com/?vtype=mob,View Newsmax Mobile,,news,0.0
,http://www.bignewsnetwork.com/category/japan-news,Japan News,,news,0.0
,http://www.newsmax.com/newsfront/,Newsfront,,news,0.0
,https://twitter.com/Newsmax,Follow @Newsmax,,news,0.0
,https://www.newsmax.com/advertise,Powered by Newsmax,,news,0.0
,https://www.financialbuzz.com/recent-breaking-news-european-electric-metals-engages-nordmin-group-of-companies/,Recent Breaking News: European Electric Metals Engages Nordmin Group of Companies,,"breaking,news,breaking news",0.0
,https://www.financialbuzz.com/category/breaking-news/,Breaking News,,"breaking,news,breaking news",0.0
,https://www.financialbuzz.com/recent-breaking-news-chemesis-international-inc-signs-exclusive-licensing-deal/,Recent Breaking News: Chemesis International Inc. Signs Exclusive Licensing Deal,,"breaking,news,breaking news",0.0
,https://www.financialbuzz.com/breaking-news-declan-cobalts-tisova-poly-metallic-volcanic-massive-sulfide-vms-project/,Breaking News: Declan Cobalt’s Tisova Poly Metallic Volcanic Massive Sulfide (VMS) Project,,"breaking,news,breaking news",0.0
,https://www.financialbuzz.com/the-latest-buzz-on-the-street-show-featuring-declan-cobalt-inc-otc-dcnnf-cse-lan-cobalt-news/,The Latest “Buzz on the Street” Show: Featuring Declan Cobalt Inc. (OTC: DCNNF) (CSE: LAN) Cobalt News,,news,0.0
,http://www.commondreams.org/about-us,"Common Dreams, a non-profit newscenter, has published 365-days a year since 1997. Our Mission? To inform. To inspire. To ignite change for the common good.",,news,0.0
,http://www.foxbusiness.com/,News,,news,0.0
,http://www.radioaustralia.net.au/news/australia/,Australia News,,news,0.0
,http://www.radioaustralia.net.au/news/world/asia-pacific/,Asia Pacific News,,news,0.0
,http://www.24-7pressrelease.com/press_releases_today,Browse All News Stories,,news,0.0
,http://mediadesk.24-7pressrelease.com,Get the news stories that matter most with our unique Media Desk.,,news,0.0
,https://www.cbsnews.com/,CBS News Logo,,news,0.0
,http://www.cbsnews.com/,News,,news,0.0
,http://www.cbsnews.com/evening-news/,CBS Evening News,,news,0.0
,http://www.cbsnews.com/news/reporters-notebook-saudi-arabia-reforms-havent-translated-into-political-freedom/,The hunt for truth proves elusive in secretive Saudi Arabia CBS News correspondent Holly Williams has reported extensively on Saudi journalist Jamal Khashoggi’s death,https://cbsnews2.cbsistatic.com/hub/i/r/2018/11/23/280be44c-89fc-41a7-9cab-14c665446c34/thumbnail/220x140/fdab2c7ff7ad63799b6d474402f57669/1123-ctm-saudirepnotebook-williams-1718818-640x360.jpg#,news,0.0
,http://www.cbsnews.com/video/the-takeout-preview-major-garrett-eric-winston-mark-leibovich-sports-nfl-politics/,"Major Garrett talks football with Eric Winston and Mark Leibovich PlayVideo This week on ""The Takeout,"" CBS News chief White House correspondent Major Garrett sits down with Mark Leibovich, chief national correspondent for The New York Times Magazine, and Eric Winston, the president of the National Football League Players Association",https://cbsnews2.cbsistatic.com/hub/i/r/2018/11/22/6fab1a00-7985-47b0-b86a-167c23c89e8c/thumbnail/220x140/4de3c1f1c504e14754f91335003ba313/cbsn-fusion-on-this-weeks-episode-of-the-takeout-major-garrett-talks-football-with-eric-winston-mark-leibovich-thumbnail-1718189-640x360.jpg#,news,0.0
,http://www.cbsnews.com/newsletters/,Newsletters,,news,0.0
,http://www.cbsstore.com/cbs-news-store-home/index.php?v=cbs-news&ecid=PRF-CBS-300538&pa=PRF-CBS-300538,CBS News Store,,news,0.0
,https://www.cbsnews.com/newsletters/,Email Newsletters,,news,0.0
,https://www.cbsnews.com/radio/,CBS News Radio,,news,0.0
News,http://www.newswire.ca/news-releases/,News,,news,0.0
,http://www.newswire.ca/news-releases/news-releases-list,View All News Releases,,news,0.0
View All Federal Economic Statement news,https://www.newswire.ca/news-releases/federal-economic-statement-501043961.html,View All Federal Economic Statement news,,news,0.0
View All Black Friday and Cyber Monday news,https://www.newswire.ca/news-releases/black-friday-and-cyber-monday-402253836.html,View All Black Friday and Cyber Monday news,,news,0.0
View All Company Earnings news,https://www.newswire.ca/news-releases/company-earnings-319943641.html,View All Company Earnings news,,news,0.0
,https://www.abc.net.au/news/,News,,news,0.0
,https://www.financialbuzz.com/category/investing-news/,Investing News,,news,0.0
,https://www.financialbuzz.com/category/the-market-buzz/market-news/,Market News,,news,0.0
,https://www.financialbuzz.com/category/politics/government-news/,Government News,,news,0.0
,http://www.bignewsnetwork.com/category/breaking-news,More Breaking News ➭,,"breaking,news,breaking news",0.0
,http://www.bignewsnetwork.com/category/breaking-media-news,Breaking Media News,,"breaking,news",0.0
,http://www.bignewsnetwork.com/category/breaking-technology-news,Breaking Technology News,,"breaking,news",0.0
,http://www.bignewsnetwork.com/category/breaking-internet-news,Breaking Internet News,,"breaking,news",0.0
,http://www.bignewsnetwork.com/category/breaking-sports-news,Breaking Sports News,,"breaking,news",0.0
,http://www.bignewsnetwork.com/category/breaking-health-news,Breaking Health News,,"breaking,news",0.0
,http://www.bignewsnetwork.com/category/breaking-religious-news,Breaking Religion News,,"breaking,news",0.0
,http://www.bignewsnetwork.com/category/breaking-entertainment-news,More Entertainment News ➭,,news,0.0
Big News Network.Net,http://www.bignewsnetwork.net/,Big News Network News Agency,,news,0.0
News Releases,http://www.bignewsnetwork.com/news-releases,News Releases,,news,0.0
Newsletter,http://www.bignewsnetwork.com/subscribe-newsletter,Newsletter,,news,0.0
,http://www.bignewsnetwork.com/category/international-business-news,International Business News,,news,0.0
,http://www.bignewsnetwork.com/category/personal-finance-news,Personal Finance News,,news,0.0
,http://www.bignewsnetwork.com/category/asia-business-news,Asia Business News,,news,0.0
,http://www.bignewsnetwork.com/category/europe-business-news,Europe Business News,,news,0.0
,http://www.bignewsnetwork.com/category/uk-business-news,UK Business News,,news,0.0
,http://www.bignewsnetwork.com/category/us-business-news,US Business News,,news,0.0
,http://www.bignewsnetwork.com/category/asia-markets-news,Asia Markets News,,news,0.0
,http://www.bignewsnetwork.com/category/breaking-business-news,Breaking Business News,,"breaking,news",0.0
,http://www.bignewsnetwork.com/category/business-news,More Breaking News ➭,,"breaking,news,breaking news",0.0
,https://www.inquisitr.com/news/,News & Politics,,news,0.0
,https://www.cnbc.com/cnbc-news-releases/,News Releases,,news,0.0
,https://www.inquisitr.com/category/news/,News,,news,0.0
,https://www.inquisitr.com/5177801/trump-foundation-lawsuit-criminally-vulnerable/,"News Trump Should Be ‘Very, Very Concerned’ About Being ‘Criminally Vulnerable’ After Judge’s Ruling, Experts Say","data:image/gif;base64,R0lGODlhDAAHAPYAAA0NBwwMCA8OCQ8OCg8PChEPDBAQDREQDRIRDxcVEBcVERgWERoYFBsYFR4bFRwZFh8bFiEaFSMdFyMeFyUgFywlGy8lHC0lHi4mHjIpFTInGjImGzosHT0wGy4mIS4oIzMrIjUsITErJTQsJTkuJzwyKTwxLD4zLUQ0H0MzIUE0IUU2KUQ2K0I3LUc5LUg4K0s7LUA3MkE3M0c9N0s+M08/MEs/NkY8OVRBLU1AN0pAPUpBP01CPFhENFxGNFFDO1NEPFVHP05EQFBGQ1ZKQ1VKR1pMQldMSF5RTGdSQ2BQRmJRR2ZWR2BSTGNUTWtWSmZZUXJjV3VnW4V0ZAAAAAAAAAAAAAAAAAAAAAAAAAAAAAAAAAAAAAAAAAAAAAAAAAAAAAAAAAAAAAAAAAAAAAAAAAAAAAAAAAAAAAAAAAAAAAAAAAAAAAAAAAAAAAAAAAAAAAAAAAAAAAAAAAAAAAAAAAAAAAAAAAAAAAAAAAAAAAAAAAAAAAAAAAAAAAAAACH5BAAAAAAAIf8LTUdLOEJJTTAwMDD/OEJJTQQEAAAAAAIoHAFaAAMbJUccAlUACFN0cmluZ2VyHAJ6AAJzcxwCDwABRRwCWgAFTWlhbWkcAmUADVVuaXRlZCBTdGF0ZXMcAmQAA1VTQRwCaQBMR1JFWSBHT09TRSBWb2RrYSBUb2FzdHMgVGhlIENhZGlsbGFjIENoYW1waW9uc2hpcCBBdCBUaGUgT3BlbmluZyBEcml2ZSBQYXJ0eRwCKAASTm90IFJlbGVhc2VkIChOUikgHAJnAAk0NzcwMTEwMzccAgUACDc4ODU2NzMyHAJzABpHZXR0eSBJbWFnZXMgTm9ydGggQW1lcmljYRwCXwACRkwcAhQA/wdFTlQsQUNFHAI3AAgyMDE0MDMwNRwCPgAIMjAxNDAzMDUcAlAAEUd1c3Rhdm8gQ2FiYWxsZXJvHAJ0ABEyMDE0IEdldHR5IEltYWdlcxwCeADiTUlBTUksIEZMIC0gTUFSQ0ggMDQ6ICBFcmljIFRydW1wLCBEb25hbGQgVHJ1bXAsIEpyLiwgRG9uYWxkIFRydW1wLCBhbmQgSXZhbmthIFRydW1wIGFycml2ZSB0byBUaGUgT3BlbmluZyBEcml2ZSBQYXJ0eSBhdCBIeWRlIEJlYWNoIG9uIE1hcmNoIDQsIDIwMTQgaW4gTWlhbWksIEZsb3JpZGEuICAoUDZob3RvIGJ5IEd1c3Rhdm8gQ2FiYWxsZXJvL0dldHR5IEltYWdlcyBmb3IgR1JFWSBHT09TRSkAIf8LTUdLSVBUQzAwMDD/HAFaAAMbJUccAlUACFN0cmluZ2VyHAJ6AAJzcxwCDwABRRwCWgAFTWlhbWkcAmUADVVuaXRlZCBTdGF0ZXMcAmQAA1VTQRwCaQBMR1JFWSBHT09TRSBWb2RrYSBUb2FzdHMgVGhlIENhZGlsbGFjIENoYW1waW9uc2hpcCBBdCBUaGUgT3BlbmluZyBEcml2ZSBQYXJ0eRwCKAASTm90IFJlbGVhc2VkIChOUikgHAJnAAk0NzcwMTEwMzccAgUACDc4ODU2NzMyHAJzABpHZXR0eSBJbWFnZXMgTm9ydGggQW1lcmljYRwCXwACRkwcAhQAB0VOVCxBQ0UcAjcA/wgyMDE0MDMwNRwCPgAIMjAxNDAzMDUcAlAAEUd1c3Rhdm8gQ2FiYWxsZXJvHAJ0ABEyMDE0IEdldHR5IEltYWdlcxwCeADiTUlBTUksIEZMIC0gTUFSQ0ggMDQ6ICBFcmljIFRydW1wLCBEb25hbGQgVHJ1bXAsIEpyLiwgRG9uYWxkIFRydW1wLCBhbmQgSXZhbmthIFRydW1wIGFycml2ZSB0byBUaGUgT3BlbmluZyBEcml2ZSBQYXJ0eSBhdCBIeWRlIEJlYWNoIG9uIE1hcmNoIDQsIDIwMTQgaW4gTWlhbWksIEZsb3JpZGEuICAoUGhvdG8gYnkgR3VzdCphdm8gQ2FiYWxsZXJvL0dldHR5IEltYWdlcyBmb3IgR1JFWSBHT09TRSkALAAAAAAMAAcAAAdWgAABBREWGxocKSgdGQIECRgsLyswPT44KgMHDCM5QD9BS09JNQYIDSIzQkNFSE5KNAsKDx8xNztHTUQ2JRMOEB4nMjpQUUYtIBUUEhckJjxSU0wuIYEAOw==",news,0.0
,https://www.inquisitr.com/5177225/wwe-news-former-wwe-superstar-threatens-john-cena-and-calls-him-out/,WWE News: Former WWE Superstar Threatens John Cena And Calls Him Out,"data:image/gif;base64,R0lGODlhDAAHAPYAAA0MFhINHxISGxERHhUUHx0XHRwYHw0MIBYPJxEOLBcQIhkQJR4aJR8eJx0UKx8fKCIZLSMhKCIiKj4tLDEsMjQqNjswMkYxLW5LP3FKPTgqQEQyR2I2RmU5SFZFRV5IUGpORnBETmVHU2ZBVGlFVmNIVWhPXHFMU3FPWnRXYX9hYHVlbH9ncHhldnVqc3RheXVieJJeSIdXUo5fUolZWJdjT51kTIdmX59lVJttXKltUqttUrBzW7FzW4ZjZopnZ4lscoBteI50eZl1c6dwYrZ+abl+aqJ4cap8cLKBdX5vgIZzgIR3ioB3jIV5j4Z9lYl+mI6En5OKo6CYsAAAAAAAAAAAAAAAAAAAAAAAAAAAAAAAAAAAAAAAAAAAAAAAAAAAAAAAAAAAAAAAAAAAAAAAAAAAAAAAAAAAAAAAAAAAAAAAAAAAAAAAAAAAAAAAAAAAAAAAAAAAAAAAAAAAAAAAAAAAAAAAAAAAAAAAAAAAAAAAAAAAAAAAAAAAAAAAACH5BAAAAAAAIf8LTUdLOEJJTTAwMDAcOEJJTQQEAAAAAAAPHAFaAAMbJUccAgAAAgAAAAAh/wtNR0tJUFRDMDAwMA8cAVoAAxslRxwCAAACAAAALAAAAAAMAAcAAAdWgAkICw4aJixKTU9SUwcBChAbKUBLTE5QUQMEDBUfP0NCQS0wLw8SFB43SElHPigkIw0RFiA5RUZENCEdHAIGExg1PD04MiciJQAFFxkxOjs2MyorLoEAOw==",news,0.0
,https://www.inquisitr.com/category/world/,World News,,news,0.0
,http://www.prfire.co.uk/compare-versions/,Submit A News Article,,news,0.0
,https://www.prfire.co.uk/category/uncategorized/,News1001,,news,0.0
,https://www.prfire.co.uk/compare-versions/,Submit A News Article,,news,0.0
,https://www.nbcnews.com,News,,news,0.0
,https://www.nbcnews.com/nightly-news,Nightly News,,news,0.0
,http://www.nbcnews.com/us-news,U.S. News,,news,0.0
,https://www.nbcnews.com/us-news,U.S. news,,news,0.0
,https://www.nbcnews.com/politics/politics-news,Politics News,,news,0.0
,https://www.today.com/news,News,,news,0.0
,https://www.nbcnews.com/news/weird-news,Weird News,,news,0.0
,https://www.nbcnews.com/health/health-news,Health news,,news,0.0
,https://www.nbcnews.com/video,NBC News,,news,0.0
,https://www.cnbc.com/business/,Business News,,news,0.0
,http://www.24-7pressrelease.com/newsletter_signup,Newsletter Sign-Up,,news,0.0
,http://www.24-7pressrelease.com/syndicate_news,Real-Time News Content,,news,0.0
,http://www.24-7pressrelease.com/news_widget,News Widget,,news,0.0
,https://www.mondotimes.com/,"Mondo Times, the worldwide news media guide",,news,0.0
,http://www.prnewswire.com/news-releases/,News,,news,0.0
,http://www.prnewswire.com/news-releases/news-releases-list/,All News Releases,,news,0.0
,http://www.prnewswire.com/news-releases/financial-services-latest-news/accounting-news-issues-list/,Accounting News & Issues,,news,0.0
,http://www.prnewswire.com/news-releases/general-business-latest-news/trade-show-news-list/,Trade Show News,,news,0.0
,http://www.prnewswire.com/news-releases/policy-public-interest-latest-news/economic-news-trends-analysis-list/,"Economic News, Trends, Analysis",,news,0.0
,http://www.prnewswire.com#,In-Language News,,news,0.0
Distribution by PR Newswire,http://www.prnewswire.com/products/content-distribution/,Distribution by PR Newswire,,news,0.0
,http://www.prnewswire.com/resources/case-studies/Lavu-Generates-Quality-Leads-and-Increases-Brand-Awareness-A-Multimedia-News-Release-Case-Study.html,Lavu Generates Quality Leads and Increases Brand Awareness: A Multimedia News Release Case Study,,news,0.0
,http://www.prnewswire.com/products/overview.html,Explore PR Newswire Products,,news,0.0
,https://prnmedia.prnewswire.com,Visit PR Newswire for Journalists,,news,0.0
,http://www.prnewswire.com/news-releases/latest-news-topics/black-friday-cyber-monday,View All Black Friday & Cyber Monday News,,news,0.0
,http://www.prnewswire.com/news-releases/latest-news-topics/quarterly-earnings-reports,View All Quarterly Earnings Reports News,,news,0.0
,http://www.prnewswire.com/news-releases/latest-news-topics/thanksgiving,View All Thanksgiving Roundup News,,news,0.0
Contact PR Newswire,http://www.prnewswire.com/contact-us/,Contact PR Newswire,,news,0.0
About PR Newswire,http://prnewswire.mediaroom.com/index.php,About PR Newswire,,news,0.0
All News Releases,http://www.prnewswire.com/news-releases,All News Releases,,news,0.0
,https://abcnews.go.com/WN,World News Tonight,,news,0.0
,https://www.mondotimes.com/newspapers/usa/,American newspapers by state,,news,0.0
,https://www.easymedialist.com/usa/spanish-language-newspapers.html,Spanish language newspapers list,,news,0.0
,https://abcnews.go.com/weird,Weird News,,news,0.0
,https://www.easymedialist.com/usa/alternative-newsweeklies.html,Alternative news media list,,news,0.0
,http://www.rasmussenreports.com/public_content/about_us/in_the_news,RR in the News,,news,0.0
,http://www.crweworld.com/category/1/News,News,,news,0.0
,http://www.crweworld.com/category/2/World,World News,,news,0.0
,http://www.crweworld.com/category/31/Cannabis-News,Cannabis News,,news,0.0
,http://www.crweworld.com/category/3/Politics,Political News,,news,0.0
,http://www.crweworld.com/localnews,News,,news,0.0
,http://www.crweworld.com/category/35/gbn-press-releases,News from GlobeNewswire,,news,0.0
,http://www.crweworld.com/category/34/prn-press-releases,News from PR Newswire,,news,0.0
,http://www.crweworld.com/category/39/news-provided-by-business-wire,News from Business Wire,,news,0.0
,http://www.crweworld.com/category/37/aw-press-releases,News from Accesswire,,news,0.0
,http://www.crweworld.com/channel/9/News,News,,news,0.0
,http://www.crweworld.com#,Latest News,,news,0.0
View the latest news.,http://www.researchsea.com/html/news.php/pid/1/research/latest_research_news.html,All Latest News,,news,0.0
View the most recent additions to the site.,http://www.researchsea.com/client/ar_news.php,Asia Research News,,news,0.0
,https://www.easymedialist.com/usa/index.html,USA LocalNews Media,,news,0.0
,https://www.easymedialist.com/topic/index.html,NationalNews Media,,news,0.0
,https://www.easymedialist.com/usa/top100newspapers.html,Top 100Newspapers,,news,0.0
,https://abcnews.go.com/live/video/special-live-11,ABC News Live,,news,0.0
,https://abcnews.go.com/wn,World News Tonight with David Muir,,news,0.0
,http://www.24-7pressrelease.com/search_press_releases,Search News,,news,0.0
,http://www.rappler.com/newsbreak,Newsbreak,,news,0.0
,http://www.rappler.com/technology/news,News,,news,0.0
,http://www.rappler.com/previous-articles,LATEST NEWS,,news,0.0
,http://www.rappler.com/news,News,,news,0.0
,http://www.rappler.com/newsbreak,Newsbreak,,news,0.0
,http://www.rappler.com/thought-leaders/217382-defaults-and-plain-bad-choices-philippine-elections-duterte,[OPINION | NEWSPOINT] Defaults and plain bad choices,,news,0.0
,http://www.rappler.com/bulletin-board/217314-gateway-gallery-hosts-fake-news-talk,Gateway Gallery hosts 'Reading History in the Time of Fake News' talk,,news,0.0
,https://www.rappler.com/news,News,,news,0.0
,https://www.rappler.com/newsbreak,Newsbreak,,news,0.0
,https://www.thedailybeast.com/category/world,World News,,news,0.0
,https://www.thedailybeast.com/category/us-news,U.S. News,,news,0.0
,http://www.thedailybeast.com/al-gore-rips-president-trump-for-trying-to-bury-climate-change-report,6. MOTHER NATUREAl Gore Rips Trump for Trying to ‘Bury’ Climate ReportFormer vice president claims Trump moved release date to hide bad news.,,news,0.0
,http://www.thedailybeast.com/category/world,World News,,news,0.0
,http://www.thedailybeast.com/category/us-news,U.S. News,,news,0.0
,http://www.webwire.com/recent-headlines.asp,News,,news,0.0
,http://www.webwire.comrecent-headlines.asp,News By Industry,,news,0.0
,http://www.24-7pressrelease.com/where_news_go,Where Does Your News Go?,,news,0.0
,http://www.24-7pressrelease.com#,News,,news,0.0
,http://www.rappler.com/entertainment/news,Entertainment News,,news,0.0
,http://www.rappler.com/video/newscast,Newscast,,news,0.0
,http://WNNfans.com,World News Now & America This Morning,,news,0.0
,http://www.rappler.com/news,News,,news,0.0
,http://abcnewsstore.com/,ABC News Store,,news,0.0
,http://standardnewswire.com/index.php?module=content&SectionID=2,NEWS SOURCES,,news,0.0
,http://www.standardnewswire.com/index.php?module=content&SectionID=2,NEWS SOURCES,,news,0.0
,http://www.einpresswire.com/newsletters/,Email Newsletters,,news,0.0
,https://www.einpresswire.com/pricing,$49.95 for news release,,news,0.0
,https://www.einnews.com/,Newsdesk,,news,0.0
,https://www.newsplugin.com/,NewsPlugin,,news,0.0
,http://www.prmac.com#messages-3,Video News Release,,news,0.0
,//www.prweb.com/recentnews/index.htm?&nav_location=main_menu,News Center,,news,0.0
,https://service.prweb.com/about/subscribe-to-news/?&nav_location=footer,Subscribe to News,,news,0.0
,http://www.newswire.comfeatures/newsrooms,Newsrooms,,news,0.0
,http://www.newswire.comnewsroom,Newsroom,,news,0.0
,http://www.newswire.comnewsroom/news,News,,news,0.0
,https://www.g2crowd.com/products/newswire/reviews/newswire-review-577562,"""Newswire is one of the best press release service to work with""",,news,0.0
,http://www.newswire.comwhy-us,Why Newswire,,news,0.0
,http://guides.newswire.com/g/how-to-create-a-newsroom,Create a Newsroom,,news,0.0
,https://firsttoknow.com/news-2/,NEWS,,news,0.0
,http://www.bignewsnetwork.com/category/breaking-financial-markets-news,Financial Markets News,,news,0.0
,http://www.bignewsnetwork.com/category/stock-market-news,Stock Market News,,news,0.0
,http://www.bignewsnetwork.com/category/world-markets-news,World Markets News,,news,0.0
,http://www.bignewsnetwork.com/category/new-mexico-news,New Mexico News,,news,0.0
,http://www.bignewsnetwork.com/category/north-carolina-news,North Carolina News,,news,0.0
,http://www.bignewsnetwork.com/category/north-dakota-news,North Dakota News,,news,0.0
,http://www.bignewsnetwork.com/category/ohio-news,Ohio News,,news,0.0
,http://www.bignewsnetwork.com/category/oklahoma-news,Oklahoma News,,news,0.0
,http://www.bignewsnetwork.com/category/oregon-news,Oregon News,,news,0.0
,http://www.bignewsnetwork.com/category/pennsylvania-news,Pennsylvania News,,news,0.0
,http://www.bignewsnetwork.com/category/rhode-island-news,Rhode Island News,,news,0.0
,http://www.bignewsnetwork.com/category/south-carolina-news,South Carolina News,,news,0.0
,http://www.bignewsnetwork.com/category/south-dakota-news,South Dakota News,,news,0.0
,http://www.bignewsnetwork.com/category/tennessee-news,Tennessee News,,news,0.0
,http://www.bignewsnetwork.com/category/texas-news,Texas News,,news,0.0
,http://www.bignewsnetwork.com/category/utah-news,Utah News,,news,0.0
,http://www.bignewsnetwork.com/category/vermont-news,Vermont News,,news,0.0
,http://www.bignewsnetwork.com/category/virginia-news,Virginia News,,news,0.0
,http://www.bignewsnetwork.com/category/washington-news,Washington News,,news,0.0
,http://www.bignewsnetwork.com/category/west-virginia-news,West Virginia News,,news,0.0
,http://www.bignewsnetwork.com/category/wisconsin-news,Wisconsin News,,news,0.0
,http://www.bignewsnetwork.com/category/new-york-news,New York News,,news,0.0
,http://www.bignewsnetwork.com/category/new-jersey-news,New Jersey News,,news,0.0
,http://www.bignewsnetwork.com/category/afghanistan-news,Afghanistan News,,news,0.0
,http://www.bignewsnetwork.com/category/new-hampshire-news,New Hampshire News,,news,0.0
,http://www.bignewsnetwork.com/category/idaho-news,Idaho News,,news,0.0
,http://www.bignewsnetwork.com/category/illinois-news,Illinois News,,news,0.0
,http://www.bignewsnetwork.com/category/indiana-news,Indiana News,,news,0.0
,http://www.bignewsnetwork.com/category/iowa-news,Iowa News,,news,0.0
,http://www.bignewsnetwork.com/category/kansas-news,Kansas News,,news,0.0
,http://www.bignewsnetwork.com/category/kentucky-news,Kentucky News,,news,0.0
,http://www.bignewsnetwork.com/category/louisiana-news,Louisiana News,,news,0.0
,http://www.bignewsnetwork.com/category/maine-news,Maine News,,news,0.0
,http://www.bignewsnetwork.com/category/maryland-news,Maryland News,,news,0.0
,http://www.bignewsnetwork.com/category/massachusetts-news,Massachusetts News,,news,0.0
,http://www.bignewsnetwork.com/category/michigan-news,Michigan News,,news,0.0
,http://www.bignewsnetwork.com/category/minnesota-news,Minnesota News,,news,0.0
,http://www.bignewsnetwork.com/category/mississippi-news,Mississippi News,,news,0.0
,http://www.bignewsnetwork.com/category/missouri-news,Missouri News,,news,0.0
,http://www.bignewsnetwork.com/category/montana-news,Montana News,,news,0.0
,http://www.bignewsnetwork.com/category/nebraska-news,Nebraska News,,news,0.0
,http://www.bignewsnetwork.com/category/nevada-news,Nevada News,,news,0.0
,http://www.bignewsnetwork.com/category/wyoming-news,Wyoming News,,news,0.0
,http://www.bignewsnetwork.com/category/argentina-news,Argentina News,,news,0.0
,http://www.bignewsnetwork.com/category/georgia-news,Georgia News,,news,0.0
,http://www.bignewsnetwork.com/category/egypt-news,Egypt News,,news,0.0
,http://www.bignewsnetwork.com/category/fiji-news,Fiji News,,news,0.0
,http://www.bignewsnetwork.com/category/finland-news,Finland News,,news,0.0
,http://www.bignewsnetwork.com/category/france-news,France News,,news,0.0
,http://www.bignewsnetwork.com/category/germany-news,Germany News,,news,0.0
,http://www.bignewsnetwork.com/category/greece-news,Greece News,,news,0.0
,http://www.bignewsnetwork.com/category/guatemala-news,Guatemala News,,news,0.0
Newsroom,https://info.lycos.com/newsroom/,Newsroom,,news,0.0
,http://www.bignewsnetwork.com/category/honduras-news,Honduras News,,news,0.0
,http://www.bignewsnetwork.com/category/hong-kong-news,Hong Kong News,,news,0.0
,http://www.bignewsnetwork.com/category/india-news,India News,,news,0.0
,http://www.bignewsnetwork.com/category/indonesia-news,Indonesia News,,news,0.0
,http://www.bignewsnetwork.com/category/iran-news,Iran News,,news,0.0
,http://www.bignewsnetwork.com/category/iraq-news,Iraq News,,news,0.0
,http://www.bignewsnetwork.com/category/ireland-news,Ireland News,,news,0.0
,http://www.bignewsnetwork.com/category/israel-news,Israel News,,news,0.0
,http://www.bignewsnetwork.com/category/italy-news,Italy News,,news,0.0
,http://www.bignewsnetwork.com/category/jamaica-news,Jamaica News,,news,0.0
,http://www.bignewsnetwork.com/category/el-salvador-news,El Salvador News,,news,0.0
,http://www.bignewsnetwork.com/category/dominican-republic-news,Dominican Republic News,,news,0.0
,http://www.bignewsnetwork.com/category/australia-news,Australia News,,news,0.0
,http://www.bignewsnetwork.com/category/denmark-news,Denmark News,,news,0.0
,http://www.bignewsnetwork.com/category/austria-news,Austria News,,news,0.0
,http://www.bignewsnetwork.com/category/bahamas-news,Bahamas News,,news,0.0
,http://www.bignewsnetwork.com/category/bahrain-news,Bahrain News,,news,0.0
,http://www.bignewsnetwork.com/category/bangladesh-news,Bangladesh News,,news,0.0
,http://www.bignewsnetwork.com/category/barbados-news,Barbados News,,news,0.0
,http://www.bignewsnetwork.com/category/belgium-news,Belgium News,,news,0.0
,http://www.bignewsnetwork.com/category/bermuda-news,Bermuda News,,news,0.0
,http://www.bignewsnetwork.com/category/bulgaria-news,Bulgaria News,,news,0.0
,http://www.bignewsnetwork.com/category/bolivia-news,Bolivia News,,news,0.0
,http://www.bignewsnetwork.com/category/brazil-news,Brazil News,,news,0.0
,http://www.bignewsnetwork.com/category/brunei-news,Brunei News,,news,0.0
,http://www.bignewsnetwork.com/category/cambodia-news,Cambodia News,,news,0.0
,http://www.bignewsnetwork.com/category/canada-news,Canada News,,news,0.0
,http://www.bignewsnetwork.com/category/chile-news,Chile News,,news,0.0
,http://www.bignewsnetwork.com/category/china-news,China News,,news,0.0
,http://www.bignewsnetwork.com/category/costa-rica-news,Costa Rica News,,news,0.0
,http://www.bignewsnetwork.com/category/cuba-news,Cuba News,,news,0.0
,http://www.bignewsnetwork.com/category/hawaii-news,Hawaii News,,news,0.0
,http://www.bignewsnetwork.com/category/florida-news,Florida News,,news,0.0
,http://www.bignewsnetwork.com/category/commodities-news,Commodities News,,news,0.0
,http://www.bignewsnetwork.com/category/agriculture-news,Agriculture News,,news,0.0
,http://www.bignewsnetwork.com/category/automotive-news,Automotive News,,news,0.0
,http://www.bignewsnetwork.com/category/banking-news,Banking News,,news,0.0
,http://www.bignewsnetwork.com/category/beverages-news,Beverages News,,news,0.0
,http://www.bignewsnetwork.com/category/broadcasting-news,Broadcasting News,,news,0.0
,http://www.bignewsnetwork.com/category/cable-news,Cable News,,news,0.0
,http://www.bignewsnetwork.com/category/construction-news,Construction News,,news,0.0
,http://www.bignewsnetwork.com/category/engineering-news,Engineering News,,news,0.0
,http://www.bignewsnetwork.com/category/environment-news,Environment News,,news,0.0
,http://www.bignewsnetwork.com/category/financial-services-news,Financial Services News,,news,0.0
,http://www.bignewsnetwork.com/category/food-news,Food News,,news,0.0
,http://www.bignewsnetwork.com/category/gaming-news,Gaming News,,news,0.0
,http://www.bignewsnetwork.com/category/health-news,Health News,,news,0.0
,http://www.bignewsnetwork.com/category/hospitality-news,Hospitality News,,news,0.0
,http://www.bignewsnetwork.com/category/insurance-news,Insurance News,,news,0.0
,http://www.bignewsnetwork.com/category/law-enforcement-news,Law Enforcement News,,news,0.0
,http://www.bignewsnetwork.com/category/legal-news,Legal News,,news,0.0
,http://www.bignewsnetwork.com/category/marketing-news,Marketing News,,news,0.0
,http://www.bignewsnetwork.com/category/airlines-news,Airlines News,,news,0.0
,http://www.bignewsnetwork.com/category/advertising-news,Advertising News,,news,0.0
,http://www.bignewsnetwork.com/category/movies-news,Movies News,,news,0.0
,http://www.bignewsnetwork.com/category/accounting-news,Accounting News,,news,0.0
,http://www.bignewsnetwork.com/category/dow-jones-news,Dow Jones News,,news,0.0
,http://www.bignewsnetwork.com/category/emerging-markets-news,Emerging Markets News,,news,0.0
,http://www.bignewsnetwork.com/category/europe-markets-news,Europe Markets News,,news,0.0
,http://www.bignewsnetwork.com/category/fixed-interest-news,Fixed Interest News,,news,0.0
,http://www.bignewsnetwork.com/category/foreign-exchange-news,Foreign Exchange News,,news,0.0
,http://www.bignewsnetwork.com/category/funds-management-news,Funds Management News,,news,0.0
,http://www.bignewsnetwork.com/category/ipos-news,IPOs' News,,news,0.0
,http://www.bignewsnetwork.com/category/m-and-as-news,M & As' News,,news,0.0
,http://www.bignewsnetwork.com/category/tech-stocks-news,Tech Stocks News,,news,0.0
,http://www.bignewsnetwork.com/category/uk-markets-news,UK Markets News,,news,0.0
,http://www.bignewsnetwork.com/category/us-markets-news,US Markets News,,news,0.0
,http://www.bignewsnetwork.com/category/careers-news,Careers News,,news,0.0
,http://www.bignewsnetwork.com/category/human-resources-news,Human Resources News,,news,0.0
,http://www.bignewsnetwork.com/category/jobs-news,Jobs News,,news,0.0
,http://www.bignewsnetwork.com/category/property-news,Property News,,news,0.0
,http://www.bignewsnetwork.com/category/mortgages-news,Mortgages News,,news,0.0
,http://www.bignewsnetwork.com/category/economics-news,Economics News,,news,0.0
,http://www.bignewsnetwork.com/category/media-news,Media News,,news,0.0
,http://www.bignewsnetwork.com/category/music-news,Music News,,news,0.0
,http://www.bignewsnetwork.com/category/district-of-columbia-news,District of Columbia News,,news,0.0
,http://www.bignewsnetwork.com/category/europe-news,Europe News,,news,0.0
,http://www.bignewsnetwork.com/category/scandinavia-news,Scandinavia News,,news,0.0
,http://www.bignewsnetwork.com/category/latin-america-news,Latin America News,,news,0.0
,http://www.bignewsnetwork.com/category/middle-east-news,Middle East News,,news,0.0
,http://www.bignewsnetwork.com/category/mediterranean-news,Mediterranean News,,news,0.0
,http://www.bignewsnetwork.com/category/north-africa-news,North Africa News,,news,0.0
,http://www.bignewsnetwork.com/category/north-america-news,North America News,,news,0.0
,http://www.bignewsnetwork.com/category/south-africa-news,South Africa News,,news,0.0
,http://www.bignewsnetwork.com/category/south-america-news,South America News,,news,0.0
,http://www.bignewsnetwork.com/category/us-news,US News,,news,0.0
,http://www.bignewsnetwork.com/category/uk-news,UK News,,news,0.0
,http://www.bignewsnetwork.com/category/alabama-news,Alabama News,,news,0.0
,http://www.bignewsnetwork.com/category/alaska-news,Alaska News,,news,0.0
,http://www.bignewsnetwork.com/category/arizona-news,Arizona News,,news,0.0
,http://www.bignewsnetwork.com/category/arkansas-news,Arkansas News,,news,0.0
,http://www.bignewsnetwork.com/category/colorado-news,Colorado News,,news,0.0
,http://www.bignewsnetwork.com/category/connecticut-news,Connecticut News,,news,0.0
,http://www.bignewsnetwork.com/category/delaware-news,Delaware News,,news,0.0
,http://www.bignewsnetwork.com/category/southeast-asia-news,Southeast Asia News,,news,0.0
,http://www.bignewsnetwork.com/category/central-america-news,Central America News,,news,0.0
,http://www.bignewsnetwork.com/category/oil-and-gas-news,Oil & Gas News,,news,0.0
,http://www.bignewsnetwork.com/category/central-africa-news,Central Africa News,,news,0.0
,http://www.bignewsnetwork.com/category/pharmaceutical-news,Pharmaceutical News,,news,0.0
,http://www.bignewsnetwork.com/category/plastics-news,Plastics News,,news,0.0
,http://www.bignewsnetwork.com/category/retail-news,Retail News,,news,0.0
,http://www.bignewsnetwork.com/category/shipping-news,Shipping News,,news,0.0
,http://www.bignewsnetwork.com/category/small-business-news,Small Business News,,news,0.0
,http://www.bignewsnetwork.com/category/textiles-news,Textiles News,,news,0.0
,http://www.bignewsnetwork.com/category/tobacco-news,Tobacco News,,news,0.0
,http://www.bignewsnetwork.com/category/transportation-news,Transportation News,,news,0.0
,http://www.bignewsnetwork.com/category/travel-and-tourism-news,Travel & Tourism News,,news,0.0
,http://www.bignewsnetwork.com/category/utilities-news,Utilities News,,news,0.0
,http://www.bignewsnetwork.com/category/breaking-international-news,International News,,news,0.0
,http://www.bignewsnetwork.com/category/world-news,World News,,news,0.0
,http://www.bignewsnetwork.com/category/asia-news,Asia News,,news,0.0
,http://www.bignewsnetwork.com/category/arab-news,Arab News,,news,0.0
,http://www.bignewsnetwork.com/category/africa-news,Africa News,,news,0.0
,http://www.bignewsnetwork.com/category/asia-pacific-news,Asia Pacific News,,news,0.0
,http://www.bignewsnetwork.com/category/central-asia-news,Central Asia News,,news,0.0
,http://www.bignewsnetwork.com/category/haiti-news,Haiti News,,news,0.0
